wavelength_nm,transmittance
639.0,85.064
472.0,84.651
459.0,84.624
517.0,84.767
593.0,84.942
415.0,84.518
678.0,84.525
504.0,85.135
737.0,84.935
573.0,85.051
651.0,84.658
441.0,84.649
867.0,84.993
866.0,84.866
825.0,84.738
454.0,84.684
810.0,84.742
826.0,84.809
605.0,85.079
577.0,84.236
766.0,84.541
545.0,84.99
432.0,84.782
470.0,84.608
846.0,84.705
840.0,84.777
831.0,84.649
397.0,84.379
488.0,84.835
868.0,84.961
399.0,84.023
873.0,84.252
858.0,84.815
492.0,84.952
841.0,84.789
799.0,84.543
558.0,84.768
803.0,85.036
353.0,3.149
543.0,84.775
843.0,84.674
446.0,85.01
572.0,85.103
603.0,84.643
529.0,84.581
409.0,84.645
809.0,84.753
629.0,85.162
313.0,0.756
772.0,84.875
303.0,0.763
706.0,84.573
360.0,12.805
887.0,84.844
655.0,84.818
370.0,53.829
853.0,84.671
401.0,84.337
352.0,2.589
640.0,84.811
532.0,84.83
601.0,84.87
646.0,84.767
350.0,2.099
789.0,84.908
882.0,85.078
540.0,84.667
570.0,84.757
865.0,84.456
330.0,0.647
479.0,84.752
618.0,84.588
653.0,84.718
900.0,84.431
466.0,84.407
710.0,85.028
351.0,1.98
623.0,84.696
571.0,84.494
513.0,84.337
440.0,84.978
669.0,84.9
733.0,84.698
767.0,84.61
509.0,84.556
664.0,84.422
722.0,84.682
753.0,84.542
735.0,84.501
621.0,84.874
442.0,84.748
355.0,4.543
798.0,84.967
894.0,84.876
660.0,84.86
522.0,84.43
848.0,84.777
860.0,84.628
717.0,84.724
726.0,84.826
869.0,84.806
657.0,84.751
346.0,1.511
845.0,84.564
584.0,84.996
793.0,84.688
880.0,84.813
731.0,84.652
382.0,79.811
591.0,85.073
323.0,0.998
690.0,84.681
520.0,84.725
851.0,84.787
716.0,85.266
338.0,0.892
842.0,84.727
808.0,84.68
819.0,84.746
310.0,1.04
592.0,84.952
535.0,84.48
749.0,84.876
332.0,0.763
322.0,0.69
811.0,84.74
806.0,84.585
589.0,84.681
325.0,0.908
877.0,84.632
832.0,84.806
654.0,84.802
703.0,84.965
455.0,84.699
697.0,84.959
389.0,83.281
365.0,31.401
885.0,84.507
616.0,84.44
627.0,84.56
578.0,84.809
701.0,84.837
633.0,84.823
487.0,84.895
796.0,84.864
340.0,1.068
801.0,84.458
711.0,84.878
630.0,84.707
556.0,84.985
681.0,84.529
870.0,84.447
356.0,5.393
671.0,84.417
371.0,57.134
688.0,84.862
785.0,84.551
390.0,83.385
585.0,84.826
354.0,3.593
549.0,84.365
581.0,84.543
502.0,84.858
366.0,36.203
784.0,85.14
829.0,84.569
742.0,84.929
773.0,84.608
420.0,84.762
684.0,84.981
637.0,84.578
619.0,84.936
782.0,84.791
745.0,84.603
883.0,84.738
709.0,84.379
418.0,84.934
419.0,84.78
604.0,84.632
759.0,84.414
500.0,84.509
438.0,84.726
445.0,84.503
448.0,84.952
539.0,84.469
561.0,84.92
462.0,85.04
820.0,84.637
536.0,84.936
771.0,84.615
450.0,
493.0,84.731
686.0,84.976
719.0,84.629
331.0,0.86
898.0,84.831
583.0,84.723
320.0,0.574
413.0,84.703
659.0,84.742
300.0,0.942
600.0,85.061
818.0,84.606
580.0,84.775
741.0,84.563
670.0,84.729
857.0,84.807
302.0,0.887
874.0,84.834
358.0,8.592
675.0,85.21
751.0,84.879
304.0,0.851
862.0,84.886
624.0,84.638
374.0,67.254
491.0,84.949
521.0,84.564
839.0,84.344
548.0,84.62
380.0,77.734
642.0,85.149
326.0,0.443
687.0,84.664
516.0,84.71
682.0,84.782
847.0,84.648
357.0,6.82
608.0,84.69
408.0,84.64
755.0,84.769
447.0,84.728
528.0,84.559
314.0,0.936
474.0,84.537
542.0,84.742
414.0,84.731
465.0,84.632
821.0,84.61
559.0,84.748
359.0,10.18
815.0,85.017
386.0,82.14
464.0,84.717
398.0,84.037
804.0,84.923
468.0,84.754
714.0,84.7
341.0,1.085
677.0,84.603
613.0,84.713
622.0,85.064
473.0,84.73
544.0,84.701
379.0,76.913
643.0,84.719
328.0,0.939
800.0,84.702
594.0,84.893
705.0,84.516
606.0,84.86
384.0,81.096
362.0,19.076
881.0,85.108
436.0,84.744
411.0,84.809
494.0,84.867
797.0,84.544
343.0,1.16
667.0,84.477
429.0,84.906
836.0,84.49
518.0,84.587
396.0,83.975
424.0,84.524
864.0,84.8
805.0,84.678
477.0,84.657
723.0,84.956
876.0,84.5
863.0,84.845
403.0,85.03
381.0,78.795
791.0,84.567
890.0,84.958
564.0,84.55
636.0,85.015
527.0,84.627
575.0,84.913
729.0,84.667
563.0,84.802
758.0,84.751
553.0,84.768
471.0,84.85
537.0,84.741
683.0,84.529
439.0,84.563
567.0,84.978
899.0,84.558
823.0,84.55
512.0,84.43
498.0,84.668
685.0,84.971
315.0,1.081
463.0,84.468
725.0,84.973
692.0,84.499
747.0,84.713
337.0,1.172
807.0,84.38
506.0,84.53
595.0,84.781
728.0,84.658
373.0,64.17
680.0,84.723
404.0,84.44
628.0,84.851
316.0,0.673
391.0,83.727
388.0,83.101
704.0,84.801
505.0,85.056
402.0,84.584
538.0,84.756
658.0,84.8
546.0,84.755
457.0,84.597
626.0,84.758
433.0,84.449
746.0,84.836
707.0,84.92
318.0,0.562
763.0,84.747
780.0,84.808
644.0,84.64
574.0,84.666
752.0,84.749
830.0,84.711
611.0,84.934
694.0,84.918
779.0,84.695
568.0,84.505
334.0,1.181
481.0,84.657
484.0,84.729
507.0,84.421
394.0,84.036
813.0,84.746
708.0,84.852
422.0,84.724
761.0,84.543
378.0,75.147
650.0,84.588
361.0,15.584
551.0,84.653
425.0,84.824
730.0,84.749
727.0,84.55
886.0,84.62
647.0,85.055
778.0,85.131
844.0,84.684
679.0,84.748
367.0,40.873
324.0,0.976
897.0,84.697
787.0,84.556
896.0,84.838
426.0,84.327
892.0,84.748
634.0,84.509
888.0,84.838
478.0,84.817
856.0,84.851
852.0,84.73
435.0,85.045
523.0,84.86
889.0,84.781
855.0,84.426
790.0,84.923
393.0,84.123
768.0,84.533
369.0,49.409
336.0,0.978
596.0,84.802
460.0,84.548
662.0,84.877
311.0,1.013
444.0,84.633
792.0,84.481
427.0,84.923
695.0,84.721
602.0,84.747
309.0,0.818
817.0,84.731
476.0,85.026
531.0,84.602
510.0,84.756
428.0,84.405
443.0,84.599
541.0,84.907
307.0,1.21
895.0,84.973
598.0,84.718
610.0,84.745
554.0,84.524
814.0,84.751
765.0,84.454
308.0,0.843
456.0,84.483
327.0,0.839
566.0,84.622
614.0,84.715
364.0,26.897
750.0,84.728
555.0,84.571
740.0,84.629
453.0,84.76
348.0,1.441
508.0,84.922
736.0,84.749
587.0,85.065
301.0,1.001
641.0,84.869
569.0,84.731
565.0,84.861
838.0,84.7
754.0,84.738
764.0,84.98
668.0,84.93
395.0,84.26
872.0,84.729
652.0,84.817
342.0,0.859
661.0,85.133
739.0,84.76
893.0,84.905
416.0,84.785
724.0,84.508
345.0,0.949
461.0,84.826
834.0,84.486
417.0,84.565
588.0,84.648
377.0,73.485
828.0,84.613
689.0,84.732
861.0,84.707
712.0,85.027
363.0,22.614
638.0,84.975
615.0,84.781
599.0,84.77
699.0,84.602
530.0,84.798
597.0,84.708
486.0,84.994
770.0,84.597
499.0,85.062
720.0,ERR
665.0,84.836
777.0,84.392
696.0,84.802
421.0,84.628
875.0,84.46
547.0,84.319
607.0,84.772
871.0,84.947
663.0,84.77
458.0,85.09
385.0,81.457
769.0,84.835
525.0,84.84
676.0,84.802
562.0,84.869
631.0,84.718
533.0,84.827
376.0,71.599
775.0,84.565
827.0,84.722
449.0,84.761
387.0,82.446
757.0,84.578
721.0,84.425
550.0,84.109
482.0,84.885
776.0,84.516
405.0,84.503
632.0,84.55
738.0,84.453
349.0,2.134
635.0,84.537
305.0,0.743
317.0,0.851
534.0,85.164
786.0,84.447
833.0,84.758
672.0,84.685
410.0,84.837
406.0,84.687
743.0,84.655
718.0,85.076
788.0,84.492
434.0,85.006
312.0,0.963
526.0,84.561
514.0,84.811
490.0,84.482
552.0,85.026
620.0,84.605
582.0,84.705
329.0,0.973
469.0,84.773
480.0,84.671
400.0,84.416
497.0,84.943
795.0,84.195
878.0,85.013
673.0,84.623
760.0,84.889
713.0,84.682
431.0,84.911
339.0,1.003
734.0,84.553
515.0,84.768
774.0,84.845
756.0,84.951
560.0,84.766
335.0,0.815
609.0,84.537
576.0,84.835
693.0,84.47
407.0,84.76
859.0,84.835
824.0,84.88
347.0,1.464
503.0,84.934
321.0,0.896
702.0,84.683
383.0,80.47
430.0,84.586
715.0,84.534
586.0,84.758
423.0,84.35
333.0,0.802
816.0,85.132
319.0,0.685
849.0,84.518
519.0,84.456
781.0,84.753
656.0,84.699
524.0,84.747
392.0,83.698
451.0,84.693
891.0,84.604
617.0,84.712
748.0,84.608
822.0,84.747
579.0,84.747
649.0,84.57
674.0,84.886
700.0,84.794
557.0,84.79
372.0,60.94
495.0,84.915
783.0,84.769
437.0,84.703
794.0,85.037
850.0,84.806
762.0,84.398
501.0,84.931
612.0,84.68
590.0,84.395
489.0,84.646
412.0,84.506
483.0,84.698
452.0,84.647
625.0,84.797
344.0,1.467
744.0,85.058
306.0,0.954
550.0,84.109
375.0,69.626
812.0,84.534
691.0,84.691
732.0,84.593
368.0,44.926
467.0,84.906
854.0,84.869
666.0,84.369
645.0,84.488
884.0,84.711
835.0,84.772
698.0,84.412
485.0,84.763
648.0,84.951
511.0,84.927
879.0,84.685
802.0,84.563
837.0,84.636
496.0,84.925
475.0,84.516
